-- phpMyAdmin SQL Dump
-- version 4.9.0.1
-- https://www.phpmyadmin.net/
--
-- Host: 127.0.0.1
-- Waktu pembuatan: 15 Okt 2019 pada 16.25
-- Versi server: 10.4.6-MariaDB
-- Versi PHP: 7.1.32

SET SQL_MODE = "NO_AUTO_VALUE_ON_ZERO";
SET AUTOCOMMIT = 0;
START TRANSACTION;
SET time_zone = "+00:00";


/*!40101 SET @OLD_CHARACTER_SET_CLIENT=@@CHARACTER_SET_CLIENT */;
/*!40101 SET @OLD_CHARACTER_SET_RESULTS=@@CHARACTER_SET_RESULTS */;
/*!40101 SET @OLD_COLLATION_CONNECTION=@@COLLATION_CONNECTION */;
/*!40101 SET NAMES utf8mb4 */;

--
-- Database: `ravelinotravel`
--

-- --------------------------------------------------------

--
-- Struktur dari tabel `admin`
--

CREATE TABLE `admin` (
  `id` int(10) NOT NULL,
  `username` varchar(100) NOT NULL,
  `password` varchar(100) NOT NULL
) ENGINE=InnoDB DEFAULT CHARSET=latin1;

--
-- Dumping data untuk tabel `admin`
--

INSERT INTO `admin` (`id`, `username`, `password`) VALUES
(1, 'admin', '21232f297a57a5a743894a0e4a801fc3');

-- --------------------------------------------------------

--
-- Struktur dari tabel `destinasi`
--

CREATE TABLE `destinasi` (
  `id` int(10) NOT NULL,
  `nama` varchar(100) DEFAULT NULL,
  `deskripsi` text DEFAULT NULL,
  `gambar` varchar(100) DEFAULT NULL
) ENGINE=InnoDB DEFAULT CHARSET=latin1;

--
-- Dumping data untuk tabel `destinasi`
--

INSERT INTO `destinasi` (`id`, `nama`, `deskripsi`, `gambar`) VALUES
(1, 'Northern Sumatera', NULL, NULL),
(2, 'West Jawa', NULL, NULL);

-- --------------------------------------------------------

--
-- Struktur dari tabel `destinasi_area`
--

CREATE TABLE `destinasi_area` (
  `id_area` int(10) NOT NULL,
  `nama_area` varchar(100) DEFAULT NULL,
  `deskripsi_area` text DEFAULT NULL,
  `destinasi_id` int(10) DEFAULT NULL
) ENGINE=InnoDB DEFAULT CHARSET=latin1;

--
-- Dumping data untuk tabel `destinasi_area`
--

INSERT INTO `destinasi_area` (`id_area`, `nama_area`, `deskripsi_area`, `destinasi_id`) VALUES
(1, 'Berastagi', NULL, 1),
(2, 'Medan', NULL, 1),
(3, 'Yogyakarta', NULL, 2);

-- --------------------------------------------------------

--
-- Struktur dari tabel `jenis_paket`
--

CREATE TABLE `jenis_paket` (
  `id_paket` int(10) NOT NULL,
  `nama_paket` varchar(100) NOT NULL,
  `deskripsi_paket` text NOT NULL,
  `gambar_paket` text NOT NULL
) ENGINE=InnoDB DEFAULT CHARSET=latin1;

--
-- Dumping data untuk tabel `jenis_paket`
--

INSERT INTO `jenis_paket` (`id_paket`, `nama_paket`, `deskripsi_paket`, `gambar_paket`) VALUES
(1, 'Paket Tour International', 'Halo halo halo halo', 'images/bali.jpg'),
(2, 'Paket Tour Domestik', 'Halo halo halo halo', 'images/danautoba.jpg'),
(3, 'Paket Tour Religi', 'Halo halo halo halo', 'images/danautoba.jpg'),
(4, 'Umroh & Haji', 'Halo halo halo halo\r\n', 'images/danautoba.jpg');

-- --------------------------------------------------------

--
-- Struktur dari tabel `paket_wisata`
--

CREATE TABLE `paket_wisata` (
  `id_wisata` int(10) NOT NULL,
  `nama_wisata` varchar(100) NOT NULL,
  `deskripsi_wisata` text NOT NULL,
  `harga_wisata` varchar(100) NOT NULL,
  `fasilitas_wisata` text NOT NULL,
  `gambar_wisata` text DEFAULT NULL,
  `jenis_paket` int(10) NOT NULL
) ENGINE=InnoDB DEFAULT CHARSET=latin1;

--
-- Dumping data untuk tabel `paket_wisata`
--

INSERT INTO `paket_wisata` (`id_wisata`, `nama_wisata`, `deskripsi_wisata`, `harga_wisata`, `fasilitas_wisata`, `gambar_wisata`, `jenis_paket`) VALUES
(2, 'TOUR BRASTAGI - YOGYAKARTA', '<div>Lorem ipsum dolor sit amet, consectetur adipiscing elit, sed do eiusmod tempor.Lorem ipsum dolor sit amet, consectetur adipiscing elit.</div>					                                					                                ', '550000', '<table>\r\n                                    <thead>\r\n                                    </thead>\r\n                                    <tbody>\r\n                                        <tr>\r\n                                            <td class=\"title\">Departure</td>\r\n                                            <td><i class=\"fa fa-map-marker\" aria-hidden=\"true\"></i> San Francisco International Airport</td>\r\n                                        </tr>\r\n                                        <tr>\r\n                                            <td class=\"title\">Departure Time</td>\r\n                                            <td><i class=\"fa fa-clock-o\" aria-hidden=\"true\"></i> Please arrive by 10:20 AM for a prompt departure at 10:50 AM</td>\r\n                                        </tr>\r\n                                        <tr>\r\n                                            <td class=\"title\">Maximum travellers</td>\r\n                                            <td><i class=\"fa fa-user-o\" aria-hidden=\"true\"></i> 23</td>\r\n                                        </tr>\r\n                                        <tr>\r\n                                            <td class=\"title\">Languages</td>\r\n                                            <td><i class=\"fa fa-file-audio-o\" aria-hidden=\"true\"></i> English, Thai, Malayt</td>\r\n                                        </tr>\r\n                                        <tr>\r\n                                            <td class=\"title\">Includes</td>\r\n                                            <td>\r\n                                                <ul>\r\n                                                    <li><i class=\"fa fa-check\" aria-hidden=\"true\"></i> Airfare</li>\r\n                                                    <li><i class=\"fa fa-check\" aria-hidden=\"true\"></i> Transportation</li>\r\n                                                    <li><i class=\"fa fa-check\" aria-hidden=\"true\"></i> Professional Guide</li>\r\n                                                </ul>\r\n                                            </td>\r\n                                        </tr>\r\n                                        <tr>\r\n                                            <td class=\"title\">Excludes</td>\r\n                                            <td class=\"excludes\">\r\n                                                <ul>\r\n                                                    <li><i class=\"fa fa-times\" aria-hidden=\"true\"></i> Departure Taxes</li>\r\n                                                    <li><i class=\"fa fa-times\" aria-hidden=\"true\"></i> Entry Fees</li>\r\n                                                    <li><i class=\"fa fa-times\" aria-hidden=\"true\"></i> Insurance</li>\r\n                                                </ul>\r\n                                            </td>\r\n                                        </tr>\r\n                                        <tr>\r\n                                            <td class=\"title\">Popular Places</td>\r\n                                            <td>\r\n                                                <ul>\r\n                                                    <li><i class=\"fa fa-map-marker\" aria-hidden=\"true\"></i> Eiffel Tower</li>\r\n                                                    <li><i class=\"fa fa-map-marker\" aria-hidden=\"true\"></i> Eiffel Tower</li>\r\n                                                    <li><i class=\"fa fa-map-marker\" aria-hidden=\"true\"></i> Eiffel Tower</li>\r\n                                                </ul>\r\n                                            </td>\r\n                                        </tr>\r\n                                    </tbody>\r\n                                </table>                                                                                                                                                                                                                                                                                                                                                                            ', 'images/bali.jpg', 1),
(4, 'TOUR FULL BRASTAGI', 'Lorem ipsum dolor sit amet, consectetur adipiscing elit, sed do eiusmod tempor.Lorem ipsum dolor sit amet, consectetur adipiscing elit.					                                ', '550000', '<table>\r\n                                    <thead>\r\n                                    </thead>\r\n                                    <tbody>\r\n                                        <tr>\r\n                                            <td class=\"title\">Departure</td>\r\n                                            <td><i class=\"fa fa-map-marker\" aria-hidden=\"true\"></i> San Francisco International Airports</td>\r\n                                        </tr>\r\n                                        <tr>\r\n                                            <td class=\"title\">Departure Time</td>\r\n                                            <td><i class=\"fa fa-clock-o\" aria-hidden=\"true\"></i> Please arrive by 10:20 AM for a prompt departure at 10:50 AM</td>\r\n                                        </tr>\r\n                                        <tr>\r\n                                            <td class=\"title\">Maximum travellers</td>\r\n                                            <td><i class=\"fa fa-user-o\" aria-hidden=\"true\"></i> 23</td>\r\n                                        </tr>\r\n                                        <tr>\r\n                                            <td class=\"title\">Languages</td>\r\n                                            <td><i class=\"fa fa-file-audio-o\" aria-hidden=\"true\"></i> English, Thai, Malayt</td>\r\n                                        </tr>\r\n                                        <tr>\r\n                                            <td class=\"title\">Includes</td>\r\n                                            <td>\r\n                                                <ul>\r\n                                                    <li><i class=\"fa fa-check\" aria-hidden=\"true\"></i> Airfare</li>\r\n                                                    <li><i class=\"fa fa-check\" aria-hidden=\"true\"></i> Transportation</li>\r\n                                                    <li><i class=\"fa fa-check\" aria-hidden=\"true\"></i> Professional Guide</li>\r\n                                                </ul>\r\n                                            </td>\r\n                                        </tr>\r\n                                        <tr>\r\n                                            <td class=\"title\">Excludes</td>\r\n                                            <td class=\"excludes\">\r\n                                                <ul>\r\n                                                    <li><i class=\"fa fa-times\" aria-hidden=\"true\"></i> Departure Taxes</li>\r\n                                                    <li><i class=\"fa fa-times\" aria-hidden=\"true\"></i> Entry Fees</li>\r\n                                                    <li><i class=\"fa fa-times\" aria-hidden=\"true\"></i> Insurance</li>\r\n                                                </ul>\r\n                                            </td>\r\n                                        </tr>\r\n                                        <tr>\r\n                                            <td class=\"title\">Popular Places</td>\r\n                                            <td>\r\n                                                <ul>\r\n                                                    <li><i class=\"fa fa-map-marker\" aria-hidden=\"true\"></i> Eiffel Tower</li>\r\n                                                    <li><i class=\"fa fa-map-marker\" aria-hidden=\"true\"></i> Eiffel Tower</li>\r\n                                                    <li><i class=\"fa fa-map-marker\" aria-hidden=\"true\"></i> Eiffel Tower</li>\r\n                                                </ul>\r\n                                            </td>\r\n                                        </tr>\r\n                                    </tbody>\r\n                                </table>                                                                                                                                                                                                                                                                                                                        ', 'images/bali.jpg', 2),
(5, 'EVEREST BASE CAMP', 'Lorem ipsum dolor sit amet, consectetur adipiscing elit, sed do eiusmod tempor.Lorem ipsum dolor sit amet, consectetur adipiscing elit.', '550000', '<table>\r\n                                    <thead>\r\n                                    </thead>\r\n                                    <tbody>\r\n                                        <tr>\r\n                                            <td class=\"title\">Departure</td>\r\n                                            <td><i class=\"fa fa-map-marker\" aria-hidden=\"true\"></i> San Francisco International Airport</td>\r\n                                        </tr>\r\n                                        <tr>\r\n                                            <td class=\"title\">Departure Time</td>\r\n                                            <td><i class=\"fa fa-clock-o\" aria-hidden=\"true\"></i> Please arrive by 10:20 AM for a prompt departure at 10:50 AM</td>\r\n                                        </tr>\r\n                                        <tr>\r\n                                            <td class=\"title\">Maximum travellers</td>\r\n                                            <td><i class=\"fa fa-user-o\" aria-hidden=\"true\"></i> 23</td>\r\n                                        </tr>\r\n                                        <tr>\r\n                                            <td class=\"title\">Languages</td>\r\n                                            <td><i class=\"fa fa-file-audio-o\" aria-hidden=\"true\"></i> English, Thai, Malayt</td>\r\n                                        </tr>\r\n                                        <tr>\r\n                                            <td class=\"title\">Includes</td>\r\n                                            <td>\r\n                                                <ul>\r\n                                                    <li><i class=\"fa fa-check\" aria-hidden=\"true\"></i> Airfare</li>\r\n                                                    <li><i class=\"fa fa-check\" aria-hidden=\"true\"></i> Transportation</li>\r\n                                                    <li><i class=\"fa fa-check\" aria-hidden=\"true\"></i> Professional Guide</li>\r\n                                                </ul>\r\n                                            </td>\r\n                                        </tr>\r\n                                        <tr>\r\n                                            <td class=\"title\">Excludes</td>\r\n                                            <td class=\"excludes\">\r\n                                                <ul>\r\n                                                    <li><i class=\"fa fa-times\" aria-hidden=\"true\"></i> Departure Taxes</li>\r\n                                                    <li><i class=\"fa fa-times\" aria-hidden=\"true\"></i> Entry Fees</li>\r\n                                                    <li><i class=\"fa fa-times\" aria-hidden=\"true\"></i> Insurance</li>\r\n                                                </ul>\r\n                                            </td>\r\n                                        </tr>\r\n                                        <tr>\r\n                                            <td class=\"title\">Popular Places</td>\r\n                                            <td>\r\n                                                <ul>\r\n                                                    <li><i class=\"fa fa-map-marker\" aria-hidden=\"true\"></i> Eiffel Tower</li>\r\n                                                    <li><i class=\"fa fa-map-marker\" aria-hidden=\"true\"></i> Eiffel Tower</li>\r\n                                                    <li><i class=\"fa fa-map-marker\" aria-hidden=\"true\"></i> Eiffel Tower</li>\r\n                                                </ul>\r\n                                            </td>\r\n                                        </tr>\r\n                                    </tbody>\r\n                                </table>', 'images/danautoba.jpg', 3),
(6, 'EVEREST BASE CAMP', 'Lorem ipsum dolor sit amet, consectetur adipiscing elit, sed do eiusmod tempor.Lorem ipsum dolor sit amet, consectetur adipiscing elit.', '550000', '<table>\r\n                                    <thead>\r\n                                    </thead>\r\n                                    <tbody>\r\n                                        <tr>\r\n                                            <td class=\"title\">Departure</td>\r\n                                            <td><i class=\"fa fa-map-marker\" aria-hidden=\"true\"></i> San Francisco International Airport</td>\r\n                                        </tr>\r\n                                        <tr>\r\n                                            <td class=\"title\">Departure Time</td>\r\n                                            <td><i class=\"fa fa-clock-o\" aria-hidden=\"true\"></i> Please arrive by 10:20 AM for a prompt departure at 10:50 AM</td>\r\n                                        </tr>\r\n                                        <tr>\r\n                                            <td class=\"title\">Maximum travellers</td>\r\n                                            <td><i class=\"fa fa-user-o\" aria-hidden=\"true\"></i> 23</td>\r\n                                        </tr>\r\n                                        <tr>\r\n                                            <td class=\"title\">Languages</td>\r\n                                            <td><i class=\"fa fa-file-audio-o\" aria-hidden=\"true\"></i> English, Thai, Malayt</td>\r\n                                        </tr>\r\n                                        <tr>\r\n                                            <td class=\"title\">Includes</td>\r\n                                            <td>\r\n                                                <ul>\r\n                                                    <li><i class=\"fa fa-check\" aria-hidden=\"true\"></i> Airfare</li>\r\n                                                    <li><i class=\"fa fa-check\" aria-hidden=\"true\"></i> Transportation</li>\r\n                                                    <li><i class=\"fa fa-check\" aria-hidden=\"true\"></i> Professional Guide</li>\r\n                                                </ul>\r\n                                            </td>\r\n                                        </tr>\r\n                                        <tr>\r\n                                            <td class=\"title\">Excludes</td>\r\n                                            <td class=\"excludes\">\r\n                                                <ul>\r\n                                                    <li><i class=\"fa fa-times\" aria-hidden=\"true\"></i> Departure Taxes</li>\r\n                                                    <li><i class=\"fa fa-times\" aria-hidden=\"true\"></i> Entry Fees</li>\r\n                                                    <li><i class=\"fa fa-times\" aria-hidden=\"true\"></i> Insurance</li>\r\n                                                </ul>\r\n                                            </td>\r\n                                        </tr>\r\n                                        <tr>\r\n                                            <td class=\"title\">Popular Places</td>\r\n                                            <td>\r\n                                                <ul>\r\n                                                    <li><i class=\"fa fa-map-marker\" aria-hidden=\"true\"></i> Eiffel Tower</li>\r\n                                                    <li><i class=\"fa fa-map-marker\" aria-hidden=\"true\"></i> Eiffel Tower</li>\r\n                                                    <li><i class=\"fa fa-map-marker\" aria-hidden=\"true\"></i> Eiffel Tower</li>\r\n                                                </ul>\r\n                                            </td>\r\n                                        </tr>\r\n                                    </tbody>\r\n                                </table>', 'images/danautoba.jpg', 4),
(9, 'EVEREST BASE CAMP', 'Lorem ipsum dolor sit amet, consectetur adipiscing elit, sed do eiusmod tempor.Lorem ipsum dolor sit amet, consectetur adipiscing elit.					                                ', '550000', '                                                        <table>\r\n                                                            <thead>\r\n                                                            </thead>\r\n                                                            <tbody>\r\n                                                                <tr>\r\n                                                                    <td class=\"title\">Departure</td>\r\n                                                                    <td><i class=\"fa fa-map-marker\" aria-hidden=\"true\"></i> San Francisco International Airport</td>\r\n                                                                </tr>\r\n                                                                <tr>\r\n                                                                    <td class=\"title\">Departure Time</td>\r\n                                                                    <td><i class=\"fa fa-clock-o\" aria-hidden=\"true\"></i> Please arrive by 10:20 AM for a prompt departure at 10:50 AM</td>\r\n                                                                </tr>\r\n                                                                <tr>\r\n                                                                    <td class=\"title\">Maximum travellers</td>\r\n                                                                    <td><i class=\"fa fa-user-o\" aria-hidden=\"true\"></i> 23</td>\r\n                                                                </tr>\r\n                                                                <tr>\r\n                                                                    <td class=\"title\">Languages</td>\r\n                                                                    <td><i class=\"fa fa-file-audio-o\" aria-hidden=\"true\"></i> English, Thai, Malayt</td>\r\n                                                                </tr>\r\n                                                                <tr>\r\n                                                                    <td class=\"title\">Includes</td>\r\n                                                                    <td>\r\n                                                                        <ul>\r\n                                                                            <li><i class=\"fa fa-check\" aria-hidden=\"true\"></i> Airfare</li>\r\n                                                                            <li><i class=\"fa fa-check\" aria-hidden=\"true\"></i> Transportation</li>\r\n                                                                            <li><i class=\"fa fa-check\" aria-hidden=\"true\"></i> Professional Guide</li>\r\n                                                                        </ul>\r\n                                                                    </td>\r\n                                                                </tr>\r\n                                                                <tr>\r\n                                                                    <td class=\"title\">Excludes</td>\r\n                                                                    <td class=\"excludes\">\r\n                                                                        <ul>\r\n                                                                            <li><i class=\"fa fa-times\" aria-hidden=\"true\"></i> Departure Taxes</li>\r\n                                                                            <li><i class=\"fa fa-times\" aria-hidden=\"true\"></i> Entry Fees</li>\r\n                                                                            <li><i class=\"fa fa-times\" aria-hidden=\"true\"></i> Insurance</li>\r\n                                                                        </ul>\r\n                                                                    </td>\r\n                                                                </tr>\r\n                                                                <tr>\r\n                                                                    <td class=\"title\">Popular Places</td>\r\n                                                                    <td>\r\n                                                                        <ul>\r\n                                                                            <li><i class=\"fa fa-map-marker\" aria-hidden=\"true\"></i> Eiffel Tower</li>\r\n                                                                            <li><i class=\"fa fa-map-marker\" aria-hidden=\"true\"></i> Eiffel Tower</li>\r\n                                                                            <li><i class=\"fa fa-map-marker\" aria-hidden=\"true\"></i> Eiffel Tower</li>\r\n                                                                        </ul>\r\n                                                                    </td>\r\n                                                                </tr>\r\n                                                            </tbody>\r\n                                                        </table>\r\n                                                    ', 'images/bali.jpg', 1),
(10, 'EVEREST BASE CAMP', 'Lorem ipsum dolor sit amet, consectetur adipiscing elit, sed do eiusmod tempor.Lorem ipsum dolor sit amet, consectetur adipiscing elit.					                                ', '550000', '                                                        <table>\r\n                                                            <thead>\r\n                                                            </thead>\r\n                                                            <tbody>\r\n                                                                <tr>\r\n                                                                    <td class=\"title\">Departure</td>\r\n                                                                    <td><i class=\"fa fa-map-marker\" aria-hidden=\"true\"></i> San Francisco International Airport</td>\r\n                                                                </tr>\r\n                                                                <tr>\r\n                                                                    <td class=\"title\">Departure Time</td>\r\n                                                                    <td><i class=\"fa fa-clock-o\" aria-hidden=\"true\"></i> Please arrive by 10:20 AM for a prompt departure at 10:50 AM</td>\r\n                                                                </tr>\r\n                                                                <tr>\r\n                                                                    <td class=\"title\">Maximum travellers</td>\r\n                                                                    <td><i class=\"fa fa-user-o\" aria-hidden=\"true\"></i> 23</td>\r\n                                                                </tr>\r\n                                                                <tr>\r\n                                                                    <td class=\"title\">Languages</td>\r\n                                                                    <td><i class=\"fa fa-file-audio-o\" aria-hidden=\"true\"></i> English, Thai, Malayt</td>\r\n                                                                </tr>\r\n                                                                <tr>\r\n                                                                    <td class=\"title\">Includes</td>\r\n                                                                    <td>\r\n                                                                        <ul>\r\n                                                                            <li><i class=\"fa fa-check\" aria-hidden=\"true\"></i> Airfare</li>\r\n                                                                            <li><i class=\"fa fa-check\" aria-hidden=\"true\"></i> Transportation</li>\r\n                                                                            <li><i class=\"fa fa-check\" aria-hidden=\"true\"></i> Professional Guide</li>\r\n                                                                        </ul>\r\n                                                                    </td>\r\n                                                                </tr>\r\n                                                                <tr>\r\n                                                                    <td class=\"title\">Excludes</td>\r\n                                                                    <td class=\"excludes\">\r\n                                                                        <ul>\r\n                                                                            <li><i class=\"fa fa-times\" aria-hidden=\"true\"></i> Departure Taxes</li>\r\n                                                                            <li><i class=\"fa fa-times\" aria-hidden=\"true\"></i> Entry Fees</li>\r\n                                                                            <li><i class=\"fa fa-times\" aria-hidden=\"true\"></i> Insurance</li>\r\n                                                                        </ul>\r\n                                                                    </td>\r\n                                                                </tr>\r\n                                                                <tr>\r\n                                                                    <td class=\"title\">Popular Places</td>\r\n                                                                    <td>\r\n                                                                        <ul>\r\n                                                                            <li><i class=\"fa fa-map-marker\" aria-hidden=\"true\"></i> Eiffel Tower</li>\r\n                                                                            <li><i class=\"fa fa-map-marker\" aria-hidden=\"true\"></i> Eiffel Tower</li>\r\n                                                                            <li><i class=\"fa fa-map-marker\" aria-hidden=\"true\"></i> Eiffel Tower</li>\r\n                                                                        </ul>\r\n                                                                    </td>\r\n                                                                </tr>\r\n                                                            </tbody>\r\n                                                        </table>\r\n                                                    ', 'images/bali.jpg', 2),
(11, 'EVEREST BASE CAMP', 'Lorem ipsum dolor sit amet, consectetur adipiscing elit, sed do eiusmod tempor.Lorem ipsum dolor sit amet, consectetur adipiscing elit.					                                ', '550000', '                                                        <table>\r\n                                                            <thead>\r\n                                                            </thead>\r\n                                                            <tbody>\r\n                                                                <tr>\r\n                                                                    <td class=\"title\">Departure</td>\r\n                                                                    <td><i class=\"fa fa-map-marker\" aria-hidden=\"true\"></i> San Francisco International Airport</td>\r\n                                                                </tr>\r\n                                                                <tr>\r\n                                                                    <td class=\"title\">Departure Time</td>\r\n                                                                    <td><i class=\"fa fa-clock-o\" aria-hidden=\"true\"></i> Please arrive by 10:20 AM for a prompt departure at 10:50 AM</td>\r\n                                                                </tr>\r\n                                                                <tr>\r\n                                                                    <td class=\"title\">Maximum travellers</td>\r\n                                                                    <td><i class=\"fa fa-user-o\" aria-hidden=\"true\"></i> 23</td>\r\n                                                                </tr>\r\n                                                                <tr>\r\n                                                                    <td class=\"title\">Languages</td>\r\n                                                                    <td><i class=\"fa fa-file-audio-o\" aria-hidden=\"true\"></i> English, Thai, Malayt</td>\r\n                                                                </tr>\r\n                                                                <tr>\r\n                                                                    <td class=\"title\">Includes</td>\r\n                                                                    <td>\r\n                                                                        <ul>\r\n                                                                            <li><i class=\"fa fa-check\" aria-hidden=\"true\"></i> Airfare</li>\r\n                                                                            <li><i class=\"fa fa-check\" aria-hidden=\"true\"></i> Transportation</li>\r\n                                                                            <li><i class=\"fa fa-check\" aria-hidden=\"true\"></i> Professional Guide</li>\r\n                                                                        </ul>\r\n                                                                    </td>\r\n                                                                </tr>\r\n                                                                <tr>\r\n                                                                    <td class=\"title\">Excludes</td>\r\n                                                                    <td class=\"excludes\">\r\n                                                                        <ul>\r\n                                                                            <li><i class=\"fa fa-times\" aria-hidden=\"true\"></i> Departure Taxes</li>\r\n                                                                            <li><i class=\"fa fa-times\" aria-hidden=\"true\"></i> Entry Fees</li>\r\n                                                                            <li><i class=\"fa fa-times\" aria-hidden=\"true\"></i> Insurance</li>\r\n                                                                        </ul>\r\n                                                                    </td>\r\n                                                                </tr>\r\n                                                                <tr>\r\n                                                                    <td class=\"title\">Popular Places</td>\r\n                                                                    <td>\r\n                                                                        <ul>\r\n                                                                            <li><i class=\"fa fa-map-marker\" aria-hidden=\"true\"></i> Eiffel Tower</li>\r\n                                                                            <li><i class=\"fa fa-map-marker\" aria-hidden=\"true\"></i> Eiffel Tower</li>\r\n                                                                            <li><i class=\"fa fa-map-marker\" aria-hidden=\"true\"></i> Eiffel Tower</li>\r\n                                                                        </ul>\r\n                                                                    </td>\r\n                                                                </tr>\r\n                                                            </tbody>\r\n                                                        </table>\r\n                                                    ', 'images/bali.jpg', 1),
(12, 'EVEREST BASE CAMP', 'Lorem ipsum dolor sit amet, consectetur adipiscing elit, sed do eiusmod tempor.Lorem ipsum dolor sit amet, consectetur adipiscing elit.					                                ', '550000', '                                                        <table>\r\n                                                            <thead>\r\n                                                            </thead>\r\n                                                            <tbody>\r\n                                                                <tr>\r\n                                                                    <td class=\"title\">Departure</td>\r\n                                                                    <td><i class=\"fa fa-map-marker\" aria-hidden=\"true\"></i> San Francisco International Airport</td>\r\n                                                                </tr>\r\n                                                                <tr>\r\n                                                                    <td class=\"title\">Departure Time</td>\r\n                                                                    <td><i class=\"fa fa-clock-o\" aria-hidden=\"true\"></i> Please arrive by 10:20 AM for a prompt departure at 10:50 AM</td>\r\n                                                                </tr>\r\n                                                                <tr>\r\n                                                                    <td class=\"title\">Maximum travellers</td>\r\n                                                                    <td><i class=\"fa fa-user-o\" aria-hidden=\"true\"></i> 23</td>\r\n                                                                </tr>\r\n                                                                <tr>\r\n                                                                    <td class=\"title\">Languages</td>\r\n                                                                    <td><i class=\"fa fa-file-audio-o\" aria-hidden=\"true\"></i> English, Thai, Malayt</td>\r\n                                                                </tr>\r\n                                                                <tr>\r\n                                                                    <td class=\"title\">Includes</td>\r\n                                                                    <td>\r\n                                                                        <ul>\r\n                                                                            <li><i class=\"fa fa-check\" aria-hidden=\"true\"></i> Airfare</li>\r\n                                                                            <li><i class=\"fa fa-check\" aria-hidden=\"true\"></i> Transportation</li>\r\n                                                                            <li><i class=\"fa fa-check\" aria-hidden=\"true\"></i> Professional Guide</li>\r\n                                                                        </ul>\r\n                                                                    </td>\r\n                                                                </tr>\r\n                                                                <tr>\r\n                                                                    <td class=\"title\">Excludes</td>\r\n                                                                    <td class=\"excludes\">\r\n                                                                        <ul>\r\n                                                                            <li><i class=\"fa fa-times\" aria-hidden=\"true\"></i> Departure Taxes</li>\r\n                                                                            <li><i class=\"fa fa-times\" aria-hidden=\"true\"></i> Entry Fees</li>\r\n                                                                            <li><i class=\"fa fa-times\" aria-hidden=\"true\"></i> Insurance</li>\r\n                                                                        </ul>\r\n                                                                    </td>\r\n                                                                </tr>\r\n                                                                <tr>\r\n                                                                    <td class=\"title\">Popular Places</td>\r\n                                                                    <td>\r\n                                                                        <ul>\r\n                                                                            <li><i class=\"fa fa-map-marker\" aria-hidden=\"true\"></i> Eiffel Tower</li>\r\n                                                                            <li><i class=\"fa fa-map-marker\" aria-hidden=\"true\"></i> Eiffel Tower</li>\r\n                                                                            <li><i class=\"fa fa-map-marker\" aria-hidden=\"true\"></i> Eiffel Tower</li>\r\n                                                                        </ul>\r\n                                                                    </td>\r\n                                                                </tr>\r\n                                                            </tbody>\r\n                                                        </table>\r\n                                                    ', 'images/bali.jpg', 2),
(13, 'EVEREST BASE CAMP', 'Lorem ipsum dolor sit amet, consectetur adipiscing elit, sed do eiusmod tempor.Lorem ipsum dolor sit amet, consectetur adipiscing elit.					                                ', '550000', '                                                        <table>\r\n                                                            <thead>\r\n                                                            </thead>\r\n                                                            <tbody>\r\n                                                                <tr>\r\n                                                                    <td class=\"title\">Departure</td>\r\n                                                                    <td><i class=\"fa fa-map-marker\" aria-hidden=\"true\"></i> San Francisco International Airport</td>\r\n                                                                </tr>\r\n                                                                <tr>\r\n                                                                    <td class=\"title\">Departure Time</td>\r\n                                                                    <td><i class=\"fa fa-clock-o\" aria-hidden=\"true\"></i> Please arrive by 10:20 AM for a prompt departure at 10:50 AM</td>\r\n                                                                </tr>\r\n                                                                <tr>\r\n                                                                    <td class=\"title\">Maximum travellers</td>\r\n                                                                    <td><i class=\"fa fa-user-o\" aria-hidden=\"true\"></i> 23</td>\r\n                                                                </tr>\r\n                                                                <tr>\r\n                                                                    <td class=\"title\">Languages</td>\r\n                                                                    <td><i class=\"fa fa-file-audio-o\" aria-hidden=\"true\"></i> English, Thai, Malayt</td>\r\n                                                                </tr>\r\n                                                                <tr>\r\n                                                                    <td class=\"title\">Includes</td>\r\n                                                                    <td>\r\n                                                                        <ul>\r\n                                                                            <li><i class=\"fa fa-check\" aria-hidden=\"true\"></i> Airfare</li>\r\n                                                                            <li><i class=\"fa fa-check\" aria-hidden=\"true\"></i> Transportation</li>\r\n                                                                            <li><i class=\"fa fa-check\" aria-hidden=\"true\"></i> Professional Guide</li>\r\n                                                                        </ul>\r\n                                                                    </td>\r\n                                                                </tr>\r\n                                                                <tr>\r\n                                                                    <td class=\"title\">Excludes</td>\r\n                                                                    <td class=\"excludes\">\r\n                                                                        <ul>\r\n                                                                            <li><i class=\"fa fa-times\" aria-hidden=\"true\"></i> Departure Taxes</li>\r\n                                                                            <li><i class=\"fa fa-times\" aria-hidden=\"true\"></i> Entry Fees</li>\r\n                                                                            <li><i class=\"fa fa-times\" aria-hidden=\"true\"></i> Insurance</li>\r\n                                                                        </ul>\r\n                                                                    </td>\r\n                                                                </tr>\r\n                                                                <tr>\r\n                                                                    <td class=\"title\">Popular Places</td>\r\n                                                                    <td>\r\n                                                                        <ul>\r\n                                                                            <li><i class=\"fa fa-map-marker\" aria-hidden=\"true\"></i> Eiffel Tower</li>\r\n                                                                            <li><i class=\"fa fa-map-marker\" aria-hidden=\"true\"></i> Eiffel Tower</li>\r\n                                                                            <li><i class=\"fa fa-map-marker\" aria-hidden=\"true\"></i> Eiffel Tower</li>\r\n                                                                        </ul>\r\n                                                                    </td>\r\n                                                                </tr>\r\n                                                            </tbody>\r\n                                                        </table>\r\n                                                    ', 'images/bali.jpg', 3);
INSERT INTO `paket_wisata` (`id_wisata`, `nama_wisata`, `deskripsi_wisata`, `harga_wisata`, `fasilitas_wisata`, `gambar_wisata`, `jenis_paket`) VALUES
(14, 'EVEREST BASE CAMP', 'Lorem ipsum dolor sit amet, consectetur adipiscing elit, sed do eiusmod tempor.Lorem ipsum dolor sit amet, consectetur adipiscing elit.					                                ', '550000', '                                                        <table>\r\n                                                            <thead>\r\n                                                            </thead>\r\n                                                            <tbody>\r\n                                                                <tr>\r\n                                                                    <td class=\"title\">Departure</td>\r\n                                                                    <td><i class=\"fa fa-map-marker\" aria-hidden=\"true\"></i> San Francisco International Airport</td>\r\n                                                                </tr>\r\n                                                                <tr>\r\n                                                                    <td class=\"title\">Departure Time</td>\r\n                                                                    <td><i class=\"fa fa-clock-o\" aria-hidden=\"true\"></i> Please arrive by 10:20 AM for a prompt departure at 10:50 AM</td>\r\n                                                                </tr>\r\n                                                                <tr>\r\n                                                                    <td class=\"title\">Maximum travellers</td>\r\n                                                                    <td><i class=\"fa fa-user-o\" aria-hidden=\"true\"></i> 23</td>\r\n                                                                </tr>\r\n                                                                <tr>\r\n                                                                    <td class=\"title\">Languages</td>\r\n                                                                    <td><i class=\"fa fa-file-audio-o\" aria-hidden=\"true\"></i> English, Thai, Malayt</td>\r\n                                                                </tr>\r\n                                                                <tr>\r\n                                                                    <td class=\"title\">Includes</td>\r\n                                                                    <td>\r\n                                                                        <ul>\r\n                                                                            <li><i class=\"fa fa-check\" aria-hidden=\"true\"></i> Airfare</li>\r\n                                                                            <li><i class=\"fa fa-check\" aria-hidden=\"true\"></i> Transportation</li>\r\n                                                                            <li><i class=\"fa fa-check\" aria-hidden=\"true\"></i> Professional Guide</li>\r\n                                                                        </ul>\r\n                                                                    </td>\r\n                                                                </tr>\r\n                                                                <tr>\r\n                                                                    <td class=\"title\">Excludes</td>\r\n                                                                    <td class=\"excludes\">\r\n                                                                        <ul>\r\n                                                                            <li><i class=\"fa fa-times\" aria-hidden=\"true\"></i> Departure Taxes</li>\r\n                                                                            <li><i class=\"fa fa-times\" aria-hidden=\"true\"></i> Entry Fees</li>\r\n                                                                            <li><i class=\"fa fa-times\" aria-hidden=\"true\"></i> Insurance</li>\r\n                                                                        </ul>\r\n                                                                    </td>\r\n                                                                </tr>\r\n                                                                <tr>\r\n                                                                    <td class=\"title\">Popular Places</td>\r\n                                                                    <td>\r\n                                                                        <ul>\r\n                                                                            <li><i class=\"fa fa-map-marker\" aria-hidden=\"true\"></i> Eiffel Tower</li>\r\n                                                                            <li><i class=\"fa fa-map-marker\" aria-hidden=\"true\"></i> Eiffel Tower</li>\r\n                                                                            <li><i class=\"fa fa-map-marker\" aria-hidden=\"true\"></i> Eiffel Tower</li>\r\n                                                                        </ul>\r\n                                                                    </td>\r\n                                                                </tr>\r\n                                                            </tbody>\r\n                                                        </table>\r\n                                                    ', 'images/bali.jpg', 1),
(15, 'EVEREST BASE CAMP', 'Lorem ipsum dolor sit amet, consectetur adipiscing elit, sed do eiusmod tempor.Lorem ipsum dolor sit amet, consectetur adipiscing elit.					                                ', '549996', '                                                        <table>\r\n                                                            <thead>\r\n                                                            </thead>\r\n                                                            <tbody>\r\n                                                                <tr>\r\n                                                                    <td class=\"title\">Departure</td>\r\n                                                                    <td><i class=\"fa fa-map-marker\" aria-hidden=\"true\"></i> San Francisco International Airport</td>\r\n                                                                </tr>\r\n                                                                <tr>\r\n                                                                    <td class=\"title\">Departure Time</td>\r\n                                                                    <td><i class=\"fa fa-clock-o\" aria-hidden=\"true\"></i> Please arrive by 10:20 AM for a prompt departure at 10:50 AM</td>\r\n                                                                </tr>\r\n                                                                <tr>\r\n                                                                    <td class=\"title\">Maximum travellers</td>\r\n                                                                    <td><i class=\"fa fa-user-o\" aria-hidden=\"true\"></i> 23</td>\r\n                                                                </tr>\r\n                                                                <tr>\r\n                                                                    <td class=\"title\">Languages</td>\r\n                                                                    <td><i class=\"fa fa-file-audio-o\" aria-hidden=\"true\"></i> English, Thai, Malayt</td>\r\n                                                                </tr>\r\n                                                                <tr>\r\n                                                                    <td class=\"title\">Includes</td>\r\n                                                                    <td>\r\n                                                                        <ul>\r\n                                                                            <li><i class=\"fa fa-check\" aria-hidden=\"true\"></i> Airfare</li>\r\n                                                                            <li><i class=\"fa fa-check\" aria-hidden=\"true\"></i> Transportation</li>\r\n                                                                            <li><i class=\"fa fa-check\" aria-hidden=\"true\"></i> Professional Guide</li>\r\n                                                                        </ul>\r\n                                                                    </td>\r\n                                                                </tr>\r\n                                                                <tr>\r\n                                                                    <td class=\"title\">Excludes</td>\r\n                                                                    <td class=\"excludes\">\r\n                                                                        <ul>\r\n                                                                            <li><i class=\"fa fa-times\" aria-hidden=\"true\"></i> Departure Taxes</li>\r\n                                                                            <li><i class=\"fa fa-times\" aria-hidden=\"true\"></i> Entry Fees</li>\r\n                                                                            <li><i class=\"fa fa-times\" aria-hidden=\"true\"></i> Insurance</li>\r\n                                                                        </ul>\r\n                                                                    </td>\r\n                                                                </tr>\r\n                                                                <tr>\r\n                                                                    <td class=\"title\">Popular Places</td>\r\n                                                                    <td>\r\n                                                                        <ul>\r\n                                                                            <li><i class=\"fa fa-map-marker\" aria-hidden=\"true\"></i> Eiffel Tower</li>\r\n                                                                            <li><i class=\"fa fa-map-marker\" aria-hidden=\"true\"></i> Eiffel Tower</li>\r\n                                                                            <li><i class=\"fa fa-map-marker\" aria-hidden=\"true\"></i> Eiffel Tower</li>\r\n                                                                        </ul>\r\n                                                                    </td>\r\n                                                                </tr>\r\n                                                            </tbody>\r\n                                                        </table>\r\n                                                    ', 'images/bali.jpg', 4),
(16, 'EVEREST BASE CAMP', 'Lorem ipsum dolor sit amet, consectetur adipiscing elit, sed do eiusmod tempor.Lorem ipsum dolor sit amet, consectetur adipiscing elit.					                                ', '550000', '                                                        <table>\r\n                                                            <thead>\r\n                                                            </thead>\r\n                                                            <tbody>\r\n                                                                <tr>\r\n                                                                    <td class=\"title\">Departure</td>\r\n                                                                    <td><i class=\"fa fa-map-marker\" aria-hidden=\"true\"></i> San Francisco International Airport</td>\r\n                                                                </tr>\r\n                                                                <tr>\r\n                                                                    <td class=\"title\">Departure Time</td>\r\n                                                                    <td><i class=\"fa fa-clock-o\" aria-hidden=\"true\"></i> Please arrive by 10:20 AM for a prompt departure at 10:50 AM</td>\r\n                                                                </tr>\r\n                                                                <tr>\r\n                                                                    <td class=\"title\">Maximum travellers</td>\r\n                                                                    <td><i class=\"fa fa-user-o\" aria-hidden=\"true\"></i> 23</td>\r\n                                                                </tr>\r\n                                                                <tr>\r\n                                                                    <td class=\"title\">Languages</td>\r\n                                                                    <td><i class=\"fa fa-file-audio-o\" aria-hidden=\"true\"></i> English, Thai, Malayt</td>\r\n                                                                </tr>\r\n                                                                <tr>\r\n                                                                    <td class=\"title\">Includes</td>\r\n                                                                    <td>\r\n                                                                        <ul>\r\n                                                                            <li><i class=\"fa fa-check\" aria-hidden=\"true\"></i> Airfare</li>\r\n                                                                            <li><i class=\"fa fa-check\" aria-hidden=\"true\"></i> Transportation</li>\r\n                                                                            <li><i class=\"fa fa-check\" aria-hidden=\"true\"></i> Professional Guide</li>\r\n                                                                        </ul>\r\n                                                                    </td>\r\n                                                                </tr>\r\n                                                                <tr>\r\n                                                                    <td class=\"title\">Excludes</td>\r\n                                                                    <td class=\"excludes\">\r\n                                                                        <ul>\r\n                                                                            <li><i class=\"fa fa-times\" aria-hidden=\"true\"></i> Departure Taxes</li>\r\n                                                                            <li><i class=\"fa fa-times\" aria-hidden=\"true\"></i> Entry Fees</li>\r\n                                                                            <li><i class=\"fa fa-times\" aria-hidden=\"true\"></i> Insurance</li>\r\n                                                                        </ul>\r\n                                                                    </td>\r\n                                                                </tr>\r\n                                                                <tr>\r\n                                                                    <td class=\"title\">Popular Places</td>\r\n                                                                    <td>\r\n                                                                        <ul>\r\n                                                                            <li><i class=\"fa fa-map-marker\" aria-hidden=\"true\"></i> Eiffel Tower</li>\r\n                                                                            <li><i class=\"fa fa-map-marker\" aria-hidden=\"true\"></i> Eiffel Tower</li>\r\n                                                                            <li><i class=\"fa fa-map-marker\" aria-hidden=\"true\"></i> Eiffel Tower</li>\r\n                                                                        </ul>\r\n                                                                    </td>\r\n                                                                </tr>\r\n                                                            </tbody>\r\n                                                        </table>\r\n                                                    ', 'images/bali.jpg', 4);

-- --------------------------------------------------------

--
-- Struktur dari tabel `paket_wisata_detail`
--

CREATE TABLE `paket_wisata_detail` (
  `id` int(11) NOT NULL,
  `id_wisata` int(11) NOT NULL,
  `destinasi_area` int(11) NOT NULL
) ENGINE=InnoDB DEFAULT CHARSET=latin1;

--
-- Dumping data untuk tabel `paket_wisata_detail`
--

INSERT INTO `paket_wisata_detail` (`id`, `id_wisata`, `destinasi_area`) VALUES
(3, 2, 1),
(4, 2, 3),
(5, 4, 1);

-- --------------------------------------------------------

--
-- Struktur dari tabel `pesan`
--

CREATE TABLE `pesan` (
  `id` int(10) NOT NULL,
  `nama` varchar(100) NOT NULL,
  `email` varchar(100) NOT NULL,
  `telepon` varchar(15) NOT NULL,
  `pesan` text NOT NULL
) ENGINE=InnoDB DEFAULT CHARSET=latin1;

-- --------------------------------------------------------

--
-- Struktur dari tabel `tentang`
--

CREATE TABLE `tentang` (
  `id` int(10) NOT NULL,
  `nama` varchar(100) NOT NULL,
  `deskripsi` text NOT NULL,
  `alamat` text NOT NULL,
  `telepon` varchar(50) NOT NULL,
  `email` text NOT NULL,
  `facebook` text NOT NULL,
  `twitter` text NOT NULL,
  `instagram` text NOT NULL,
  `youtube` text NOT NULL,
  `logo` text NOT NULL
) ENGINE=InnoDB DEFAULT CHARSET=latin1;

--
-- Dumping data untuk tabel `tentang`
--

INSERT INTO `tentang` (`id`, `nama`, `deskripsi`, `alamat`, `telepon`, `email`, `facebook`, `twitter`, `instagram`, `youtube`, `logo`) VALUES
(1, 'Synergi Ravelino Tours & Travel', '<p>Lorem ipsum dolor sit amet, consectetur adipiscing elit, sed do eiusmod tempor incididunt.</p><p><b>					                                					                                </b>					                                </p>					                                					                                					                                					                                					                                					                                					                                					                                					                                ', 'Jalan A.R hakim 175 A medan', '62811651399', 'ravelino@ravelinotravel.com', '#', '#', '#', '#', 'images/Yatra-01.png');

-- --------------------------------------------------------

--
-- Struktur dari tabel `testimonial`
--

CREATE TABLE `testimonial` (
  `id_testi` int(10) NOT NULL,
  `nama_testi` varchar(100) NOT NULL,
  `deskripsi_testi` text NOT NULL,
  `gambar_testi` text DEFAULT NULL
) ENGINE=InnoDB DEFAULT CHARSET=latin1;

--
-- Dumping data untuk tabel `testimonial`
--

INSERT INTO `testimonial` (`id_testi`, `nama_testi`, `deskripsi_testi`, `gambar_testi`) VALUES
(1, 'Julpiter Sipayung', 'Lorem ipsum dolor sit amet consectetuer adipiscing elit am nibh unc varius facilisis eros ed erat in in velit quis arcu ornare laoreet urabitur adipiscing luctus massa nteger ut purus ac augue commodo commodo unc nec mi eu justo tempor consectetuer tiam.', 'images/danautoba.jpg');

--
-- Indexes for dumped tables
--

--
-- Indeks untuk tabel `admin`
--
ALTER TABLE `admin`
  ADD PRIMARY KEY (`id`);

--
-- Indeks untuk tabel `destinasi`
--
ALTER TABLE `destinasi`
  ADD PRIMARY KEY (`id`);

--
-- Indeks untuk tabel `destinasi_area`
--
ALTER TABLE `destinasi_area`
  ADD PRIMARY KEY (`id_area`);

--
-- Indeks untuk tabel `jenis_paket`
--
ALTER TABLE `jenis_paket`
  ADD PRIMARY KEY (`id_paket`);

--
-- Indeks untuk tabel `paket_wisata`
--
ALTER TABLE `paket_wisata`
  ADD PRIMARY KEY (`id_wisata`);

--
-- Indeks untuk tabel `paket_wisata_detail`
--
ALTER TABLE `paket_wisata_detail`
  ADD PRIMARY KEY (`id`);

--
-- Indeks untuk tabel `pesan`
--
ALTER TABLE `pesan`
  ADD PRIMARY KEY (`id`);

--
-- Indeks untuk tabel `tentang`
--
ALTER TABLE `tentang`
  ADD PRIMARY KEY (`id`);

--
-- Indeks untuk tabel `testimonial`
--
ALTER TABLE `testimonial`
  ADD PRIMARY KEY (`id_testi`);

--
-- AUTO_INCREMENT untuk tabel yang dibuang
--

--
-- AUTO_INCREMENT untuk tabel `admin`
--
ALTER TABLE `admin`
  MODIFY `id` int(10) NOT NULL AUTO_INCREMENT, AUTO_INCREMENT=5;

--
-- AUTO_INCREMENT untuk tabel `destinasi`
--
ALTER TABLE `destinasi`
  MODIFY `id` int(10) NOT NULL AUTO_INCREMENT, AUTO_INCREMENT=3;

--
-- AUTO_INCREMENT untuk tabel `destinasi_area`
--
ALTER TABLE `destinasi_area`
  MODIFY `id_area` int(10) NOT NULL AUTO_INCREMENT, AUTO_INCREMENT=4;

--
-- AUTO_INCREMENT untuk tabel `jenis_paket`
--
ALTER TABLE `jenis_paket`
  MODIFY `id_paket` int(10) NOT NULL AUTO_INCREMENT, AUTO_INCREMENT=5;

--
-- AUTO_INCREMENT untuk tabel `paket_wisata`
--
ALTER TABLE `paket_wisata`
  MODIFY `id_wisata` int(10) NOT NULL AUTO_INCREMENT, AUTO_INCREMENT=17;

--
-- AUTO_INCREMENT untuk tabel `paket_wisata_detail`
--
ALTER TABLE `paket_wisata_detail`
  MODIFY `id` int(11) NOT NULL AUTO_INCREMENT, AUTO_INCREMENT=6;

--
-- AUTO_INCREMENT untuk tabel `pesan`
--
ALTER TABLE `pesan`
  MODIFY `id` int(10) NOT NULL AUTO_INCREMENT, AUTO_INCREMENT=8;

--
-- AUTO_INCREMENT untuk tabel `tentang`
--
ALTER TABLE `tentang`
  MODIFY `id` int(10) NOT NULL AUTO_INCREMENT, AUTO_INCREMENT=2;

--
-- AUTO_INCREMENT untuk tabel `testimonial`
--
ALTER TABLE `testimonial`
  MODIFY `id_testi` int(10) NOT NULL AUTO_INCREMENT, AUTO_INCREMENT=4;
COMMIT;

/*!40101 SET CHARACTER_SET_CLIENT=@OLD_CHARACTER_SET_CLIENT */;
/*!40101 SET CHARACTER_SET_RESULTS=@OLD_CHARACTER_SET_RESULTS */;
/*!40101 SET COLLATION_CONNECTION=@OLD_COLLATION_CONNECTION */;
